{
  "ext/controller/ListReportExt.controller.js": 1771483331754,
  "ext/controller/DisplayOrder.js": 1770392627165,
  "i18n/i18n.properties": 1770750779648,
  "ext/controller/CreateOrder.js": 1771500034691,
  "manifest.json": 1771483603386,
  "Component.js": 1768563546500,
  "ext/controller/CreateOrder-dbg.js": 1771500034691,
  "ext/controller/CreateOrder.js.map": 1771500381268,
  "ext/controller/ListReportExt-dbg.controller.js": 1771483331754,
  "ext/controller/ListReportExt.controller.js.map": 1771500381240,
  "ext/controller/DisplayOrder-dbg.js": 1770392627165,
  "ext/controller/DisplayOrder.js.map": 1771500381256,
  "Component-dbg.js": 1768563546500,
  "Component.js.map": 1771500381240,
  "Component-preload.js": 1771500381439,
  "Component-preload.js.map": 1771500381439,
  "index.html": 1770306843728
}