{
  "ext/controller/CreateOrder.js": 1771482632303,
  "i18n/i18n.properties": 1770750779648,
  "ext/controller/DisplayOrder.js": 1770392627165,
  "ext/controller/ListReportExt.controller.js": 1771483331754,
  "manifest.json": 1771483603386,
  "Component.js": 1768563546500,
  "ext/controller/ListReportExt-dbg.controller.js": 1771483331754,
  "ext/controller/ListReportExt.controller.js.map": 1771484303036,
  "ext/controller/DisplayOrder-dbg.js": 1770392627165,
  "ext/controller/DisplayOrder.js.map": 1771484303043,
  "ext/controller/CreateOrder-dbg.js": 1771482632303,
  "ext/controller/CreateOrder.js.map": 1771484303079,
  "Component-dbg.js": 1768563546500,
  "Component.js.map": 1771484303038,
  "Component-preload.js": 1771484303218,
  "Component-preload.js.map": 1771484303218,
  "index.html": 1770306843728
}