{
  "Component.js.map": 1771345272921,
  "ext/controller/CreateOrder.js": 1771323509002,
  "ext/controller/DisplayOrder.js": 1770392627165,
  "manifest.json": 1771238553130,
  "Component.js": 1768563546500,
  "ext/controller/CreateOrder-dbg.js": 1771323509002,
  "ext/controller/CreateOrder.js.map": 1771345272968,
  "ext/controller/DisplayOrder-dbg.js": 1770392627165,
  "ext/controller/DisplayOrder.js.map": 1771345272937,
  "Component-dbg.js": 1768563546500,
  "i18n/i18n.properties": 1770750779648,
  "Component-preload.js": 1771345273149,
  "Component-preload.js.map": 1771345273149,
  "index.html": 1770306843728
}