{
  "Component-preload.js": 1772127731320,
  "Component.js": 1768563546500,
  "ext/controller/DisplayOrder.js": 1770392627165,
  "ext/controller/CreateOrder.js": 1772039013221,
  "manifest.json": 1771483603386,
  "ext/controller/ListReportExt.controller.js": 1771483331754,
  "ext/controller/DisplayOrder-dbg.js": 1770392627165,
  "ext/controller/DisplayOrder.js.map": 1772127731130,
  "Component-dbg.js": 1768563546500,
  "Component.js.map": 1772127731124,
  "ext/controller/CreateOrder-dbg.js": 1772039013221,
  "ext/controller/CreateOrder.js.map": 1772127731183,
  "ext/controller/ListReportExt-dbg.controller.js": 1771483331754,
  "ext/controller/ListReportExt.controller.js.map": 1772127731130,
  "i18n/i18n.properties": 1770750779648,
  "Component-preload.js.map": 1772127731320,
  "index.html": 1770306843728
}