{
  "ext/controller/CreateOrder.js.map": 1771238699111,
  "manifest.json": 1771238553130,
  "ext/controller/CreateOrder.js": 1770477370661,
  "ext/controller/DisplayOrder.js": 1770392627165,
  "Component.js": 1768563546500,
  "Component-dbg.js": 1768563546500,
  "Component.js.map": 1771238699080,
  "ext/controller/DisplayOrder-dbg.js": 1770392627165,
  "ext/controller/DisplayOrder.js.map": 1771238699092,
  "ext/controller/CreateOrder-dbg.js": 1770477370661,
  "i18n/i18n.properties": 1770750779648,
  "Component-preload.js": 1771238699241,
  "Component-preload.js.map": 1771238699241,
  "index.html": 1770306843728
}