{
  "ext/controller/CreateOrder-dbg.js": 1772016187277,
  "ext/controller/DisplayOrder.js": 1770392627165,
  "ext/controller/ListReportExt.controller.js": 1771483331754,
  "ext/controller/CreateOrder.js": 1772016187277,
  "manifest.json": 1771483603386,
  "Component.js": 1768563546500,
  "i18n/i18n.properties": 1770750779648,
  "ext/controller/CreateOrder.js.map": 1772017827819,
  "ext/controller/ListReportExt-dbg.controller.js": 1771483331754,
  "ext/controller/ListReportExt.controller.js.map": 1772017827801,
  "ext/controller/DisplayOrder-dbg.js": 1770392627165,
  "ext/controller/DisplayOrder.js.map": 1772017827788,
  "Component-dbg.js": 1768563546500,
  "Component.js.map": 1772017827803,
  "Component-preload.js": 1772017828050,
  "Component-preload.js.map": 1772017828051,
  "index.html": 1770306843728
}